Sample	Epsilon	Gamma	Kappa	Mu	RHO	Sigma	TAU	THETA	UPSILON	Z2098	aggR	alpha_1	alpha_2	beta	eae	espK	espN	espV	eta	lambda	nu	omicron	pi	stx1	stx2	subA	ureD	xi	zeta
EPEC_assemblies_GCA_000025165.1_ASM2516v1_genomic	0	1	0	1	0	1	1	1	0	0	0	0	0	0	1	0	0	0	0	0	0	0	0	0	0	0	0	0	0
EPEC_assemblies_GCA_000026545.1_ASM2654v1_genomic	0	0	0	0	0	0	0	0	0	0	0	1	1	0	1	0	0	0	0	0	1	0	0	0	0	0	0	0	0
EPEC_assemblies_GCA_000167875.2_ASM16787v2_genomic	0	0	0	0	0	0	0	0	0	0	0	0	0	0	1	1	0	1	0	0	1	0	0	0	0	0	1	0	1
EPEC_assemblies_GCA_000245515.1_ASM24551v1_genomic	0	1	0	1	0	1	1	1	0	0	0	0	0	0	1	0	0	0	0	0	0	0	0	0	0	0	0	0	0
EPEC_assemblies_GCA_000618005.3_ASM61800v3_genomic	1	0	0	0	0	0	0	0	0	0	0	0	0	0	1	0	0	1	1	0	0	0	1	0	0	0	0	1	0
EPEC_assemblies_GCA_000618905.3_ASM61890v3_genomic	0	0	0	0	0	0	0	0	1	0	0	0	0	0	1	1	0	1	0	0	0	0	0	0	0	0	1	0	0
EPEC_assemblies_GCA_001900515.1_ASM190051v1_genomic	0	0	1	0	0	0	0	0	0	0	0	0	0	1	1	0	0	0	0	0	0	0	0	0	0	0	0	0	0
EPEC_assemblies_GCA_001900595.1_ASM190059v1_genomic	0	0	0	0	0	0	0	0	0	0	0	0	0	0	1	1	0	0	0	0	0	1	0	0	0	0	0	0	0
EPEC_assemblies_GCA_001901405.1_ASM190140v1_genomic	1	0	0	0	0	0	0	0	0	0	0	0	0	0	1	1	0	0	1	0	0	0	1	0	0	0	0	1	0
EPEC_assemblies_GCA_001901425.1_ASM190142v1_genomic	0	0	1	0	0	0	0	0	0	0	0	0	0	1	1	0	0	0	0	0	0	0	0	0	0	0	0	0	0
EPEC_assemblies_GCA_001936315.1_ASM193631v1_genomic	0	0	1	0	0	0	0	0	0	0	0	0	0	1	1	1	0	0	0	0	0	0	0	0	0	0	0	0	0
EPEC_assemblies_GCA_002057355.1_ASM205735v1_genomic	0	1	0	1	0	1	1	1	0	0	0	0	0	0	1	0	0	0	0	0	0	0	0	0	0	0	0	0	0
EPEC_assemblies_GCA_002853655.1_ASM285365v1_genomic	1	0	0	0	0	0	0	0	0	0	0	0	0	0	1	1	0	0	1	0	0	0	1	0	0	0	0	1	0
EPEC_assemblies_GCA_002853965.1_ASM285396v1_genomic	1	0	0	0	0	0	0	0	0	0	0	0	0	0	1	1	0	0	1	0	0	0	1	0	0	0	0	1	0
EPEC_assemblies_GCA_002855325.1_ASM285532v1_genomic	0	0	1	0	0	0	0	0	0	0	0	0	0	1	1	0	0	0	0	0	0	0	0	0	0	0	1	0	0
EPEC_assemblies_GCA_002855415.1_ASM285541v1_genomic	0	0	0	0	1	0	0	0	0	0	0	0	0	0	1	0	0	1	0	0	0	0	0	0	0	0	0	0	0
EPEC_assemblies_GCA_002879975.1_ASM287997v1_genomic	0	0	0	0	0	0	0	0	0	0	0	0	0	0	1	1	0	1	0	0	0	1	0	0	0	0	0	0	0
EPEC_assemblies_GCA_002951855.1_ASM295185v1_genomic	0	0	1	0	0	0	0	0	0	0	0	0	0	1	1	0	0	0	0	0	0	0	0	0	0	0	0	0	0
EPEC_assemblies_GCA_002952695.1_ASM295269v1_genomic	0	1	0	1	0	1	1	1	0	0	0	0	0	0	1	1	0	1	0	0	0	0	0	0	0	0	0	0	0
EPEC_assemblies_GCA_003018475.1_ASM301847v1_genomic	0	0	0	0	0	0	0	0	1	0	0	0	0	0	1	0	0	0	0	0	0	0	0	0	0	0	0	0	0
EPEC_assemblies_GCA_003043915.1_ASM304391v1_genomic	0	0	0	0	0	0	0	0	1	0	0	0	0	0	1	0	0	0	0	0	0	0	0	0	0	0	0	0	0
EPEC_assemblies_GCA_003044015.1_ASM304401v1_genomic	0	0	0	0	0	0	0	0	0	0	0	1	1	0	1	0	0	0	0	0	1	0	0	0	0	0	0	0	0
EPEC_assemblies_GCA_003325975.1_ASM332597v1_genomic	0	0	1	0	0	0	0	0	0	0	0	0	0	1	1	0	0	0	0	0	0	0	0	0	0	0	0	0	0
EPEC_assemblies_GCA_003352425.1_ASM335242v1_genomic	0	0	1	0	0	0	0	0	0	0	0	0	0	1	1	0	0	0	0	0	0	0	0	0	0	0	0	0	0
EPEC_assemblies_GCA_004118915.1_ASM411891v1_genomic	0	1	0	1	0	1	1	1	0	1	0	0	0	0	1	1	1	1	0	0	0	0	0	0	0	0	1	0	0
EPEC_assemblies_GCA_004804185.1_ASM480418v1_genomic	0	0	0	0	0	0	0	0	0	0	0	1	1	0	1	0	0	0	0	0	1	0	0	0	0	0	0	0	0
EPEC_assemblies_GCA_004804205.1_ASM480420v1_genomic	0	0	0	0	0	0	0	0	0	0	0	1	1	0	1	0	0	0	0	0	1	0	0	0	0	0	0	0	0
EPEC_assemblies_GCA_005221845.1_ASM522184v1_genomic	0	1	0	1	0	1	1	1	0	1	0	0	0	0	1	1	1	1	0	0	0	0	0	0	0	0	1	0	0
EPEC_assemblies_GCA_007922655.1_ASM792265v1_genomic	0	1	0	1	0	1	1	1	0	1	0	0	0	0	1	1	1	1	0	0	0	0	0	0	0	0	1	0	0
EPEC_assemblies_GCA_008064935.1_ASM806493v1_genomic	0	0	1	0	0	0	0	0	0	0	0	0	0	1	1	0	0	1	0	0	0	0	0	0	0	0	0	0	0
EPEC_assemblies_GCA_008124005.1_ASM812400v1_genomic	0	0	1	0	0	0	0	0	0	0	0	0	0	1	1	0	0	0	0	0	0	0	0	0	0	0	0	0	0
EPEC_assemblies_GCA_008370755.1_ASM837075v1_genomic	0	0	1	0	0	0	0	0	0	0	0	0	0	1	1	0	0	0	0	0	0	0	0	0	0	0	0	0	0
EPEC_assemblies_GCA_008926105.1_ASM892610v1_genomic	0	1	0	1	0	1	1	1	0	1	0	0	0	0	1	0	0	1	0	0	0	0	0	0	0	0	1	0	0
EPEC_assemblies_GCA_009432215.1_ASM943221v1_genomic	0	1	0	1	0	1	1	1	0	1	0	0	0	0	1	1	1	1	0	0	0	0	0	0	0	0	1	0	0
EPEC_assemblies_GCA_009432415.1_ASM943241v1_genomic	0	1	0	1	0	1	1	1	0	1	0	0	0	0	1	1	1	1	0	0	0	0	0	0	0	0	1	0	0
EPEC_assemblies_GCA_009432635.1_ASM943263v1_genomic	0	1	0	1	0	1	1	1	0	1	0	0	0	0	1	1	1	1	0	0	0	0	0	0	0	0	1	0	0
EPEC_assemblies_GCA_009432795.1_ASM943279v1_genomic	0	1	0	1	0	1	1	1	0	1	0	0	0	0	1	1	1	1	0	0	0	0	0	0	0	0	1	0	0
EPEC_assemblies_GCA_009432915.1_ASM943291v1_genomic	0	1	0	1	0	1	1	1	0	1	0	0	0	0	1	1	1	1	0	0	0	0	0	0	0	0	1	0	0
EPEC_assemblies_GCA_009433135.1_ASM943313v1_genomic	0	1	0	1	0	1	1	1	0	1	0	0	0	0	1	1	1	1	0	0	0	0	0	0	0	0	1	0	0
EPEC_assemblies_GCA_009627495.1_ASM962749v1_genomic	0	1	0	1	0	1	1	1	0	1	0	0	0	0	1	0	0	1	0	0	0	0	0	0	0	0	1	0	0
EPEC_assemblies_GCA_009720605.1_ASM972060v1_genomic	1	0	0	0	0	0	0	0	0	0	0	0	0	0	1	0	0	0	1	0	0	0	1	0	0	0	0	1	0
EPEC_assemblies_GCA_011996085.1_ASM1199608v1_genomic	0	0	1	0	0	0	0	0	0	0	0	0	0	1	1	0	0	0	0	0	0	0	0	0	0	0	1	0	0
EPEC_assemblies_GCA_013167255.1_ASM1316725v1_genomic	0	1	0	1	0	1	1	1	0	0	0	0	0	0	1	0	0	0	0	0	0	0	0	0	0	0	0	0	0
EPEC_assemblies_GCA_013167495.1_ASM1316749v1_genomic	0	1	0	1	0	1	1	1	0	1	0	0	0	0	1	1	1	1	0	0	0	0	0	0	0	0	0	0	0
EPEC_assemblies_GCA_013167935.1_ASM1316793v1_genomic	0	1	0	1	0	1	1	1	0	0	0	0	0	0	1	1	1	0	0	0	0	0	0	0	0	0	0	0	0
EPEC_assemblies_GCA_013167975.1_ASM1316797v1_genomic	0	1	0	1	0	1	1	1	0	0	0	0	0	0	1	0	0	0	0	0	0	0	0	0	0	0	0	0	0
EPEC_assemblies_GCA_013167995.1_ASM1316799v1_genomic	0	1	0	1	0	1	1	1	0	0	0	0	0	0	1	0	0	0	0	0	0	0	0	0	0	0	0	0	0
EPEC_assemblies_GCA_013168015.1_ASM1316801v1_genomic	0	1	0	1	0	1	1	1	0	0	0	0	0	0	1	0	0	0	0	0	0	0	0	0	0	0	0	0	0
EPEC_assemblies_GCA_013729295.1_ASM1372929v1_genomic	0	0	1	0	0	0	0	0	0	0	0	0	0	1	1	0	0	0	0	0	0	0	0	0	0	0	0	0	0
EPEC_assemblies_GCA_013823335.1_ASM1382333v1_genomic	0	0	1	0	0	0	0	0	0	0	0	0	0	1	1	0	0	0	0	0	0	0	0	0	0	0	0	0	0
EPEC_assemblies_GCA_013823865.1_ASM1382386v1_genomic	0	1	0	1	0	1	1	1	0	0	0	0	0	0	1	0	0	0	0	0	0	0	0	0	0	0	0	0	0
EPEC_assemblies_GCA_013835585.1_ASM1383558v1_genomic	0	0	1	0	0	0	0	0	0	0	0	0	0	1	1	0	0	0	0	0	0	0	0	0	0	0	0	0	0
EPEC_assemblies_GCA_014117345.2_ASM1411734v2_genomic	0	0	0	0	0	0	0	0	0	0	0	1	1	0	1	0	0	0	0	0	1	0	0	0	0	0	0	0	0
EPEC_assemblies_GCA_015571755.1_ASM1557175v1_genomic	0	1	0	1	0	1	1	1	0	0	0	0	0	0	1	0	1	0	0	0	0	0	0	0	0	0	0	0	0
EPEC_assemblies_GCA_016026195.1_ASM1602619v1_genomic	0	1	0	1	0	1	1	1	0	0	0	0	0	0	1	0	0	0	0	0	0	0	0	0	0	0	0	0	0
EPEC_assemblies_GCA_016127695.1_ASM1612769v1_genomic	0	0	1	0	0	0	0	0	0	0	0	0	0	1	1	0	0	1	0	0	0	0	0	0	0	0	0	0	0
EPEC_assemblies_GCA_016803935.1_ASM1680393v1_genomic	0	0	1	0	0	0	0	0	0	0	0	0	0	1	1	0	0	0	0	0	0	0	0	0	0	0	0	0	0
EPEC_assemblies_GCA_016834895.1_ASM1683489v1_genomic	0	1	0	1	0	1	1	1	0	1	0	0	0	0	1	1	1	1	0	0	0	0	0	0	0	0	1	0	0
EPEC_assemblies_GCA_016834935.1_ASM1683493v1_genomic	0	1	0	1	0	1	1	1	0	1	0	0	0	0	1	1	1	1	0	0	0	0	0	0	0	0	1	0	0
EPEC_assemblies_GCA_017348835.2_ASM1734883v2_genomic	0	0	1	0	0	0	0	0	0	1	0	0	0	1	1	0	0	1	0	0	0	0	0	0	0	0	0	0	0
EPEC_assemblies_GCA_019428705.1_ASM1942870v1_genomic	0	0	1	0	0	0	0	0	0	0	0	0	0	1	1	1	0	1	0	0	0	0	0	0	0	0	0	0	0
EPEC_assemblies_GCA_021378315.1_ASM2137831v1_genomic	0	0	0	0	0	0	0	0	0	0	0	1	1	0	1	0	0	1	0	0	1	0	0	0	0	0	0	0	0
EPEC_assemblies_GCA_021390295.2_ASM2139029v2_genomic	0	0	1	0	0	0	0	0	0	1	0	0	0	1	1	0	0	1	0	0	0	0	0	0	0	0	0	0	0
EPEC_assemblies_GCA_021484785.1_ASM2148478v1_genomic	1	0	0	0	0	0	0	0	0	0	0	0	0	0	1	0	0	1	1	0	0	0	1	0	0	0	0	1	0
EPEC_assemblies_GCA_022493415.1_ASM2249341v1_genomic	1	0	0	0	0	0	0	0	0	0	0	0	0	0	1	0	0	0	1	0	0	0	1	0	0	0	0	1	0
EPEC_assemblies_GCA_022493875.1_ASM2249387v1_genomic	1	0	0	0	0	0	0	0	0	0	0	0	0	0	1	0	0	0	1	0	0	0	1	0	0	0	0	1	0
EPEC_assemblies_GCA_023612455.1_ASM2361245v1_genomic	0	0	1	0	0	0	0	0	0	0	0	0	0	1	1	0	0	0	0	0	0	0	0	0	0	0	0	0	0
EPEC_assemblies_GCA_025369675.1_ASM2536967v1_genomic	1	0	0	0	0	0	0	0	0	0	0	0	0	0	1	0	0	1	1	0	0	0	1	0	0	0	0	1	0
EPEC_assemblies_GCA_025677665.1_ASM2567766v1_genomic	0	0	1	0	0	0	0	0	0	0	0	0	0	1	1	0	0	1	0	0	0	0	0	0	0	0	0	0	0
EPEC_assemblies_GCA_030007975.1_ASM3000797v1_genomic	0	1	0	1	0	1	1	1	0	1	0	0	0	0	1	1	1	1	0	0	0	0	0	0	0	0	1	0	0
EPEC_assemblies_GCA_031357085.1_ASM3135708v1_genomic	0	0	1	0	0	0	0	0	0	0	0	0	0	1	1	0	0	1	0	0	0	0	0	0	0	0	0	0	0
EPEC_assemblies_GCA_032379415.1_ASM3237941v1_genomic	0	1	0	1	0	1	1	1	0	0	0	0	0	0	1	0	0	0	0	0	0	0	0	0	0	0	0	0	0
EPEC_assemblies_GCA_036287645.1_ASM3628764v1_genomic	1	0	0	0	0	0	0	0	0	0	0	0	0	0	1	0	0	1	1	0	0	0	1	0	0	0	0	1	0
EPEC_assemblies_GCA_036702845.1_ASM3670284v1_genomic	0	0	0	0	0	0	0	0	0	0	0	0	0	0	1	0	0	0	0	1	0	0	0	0	0	0	0	0	0
EPEC_assemblies_GCA_036884445.1_ASM3688444v1_genomic	1	0	0	0	0	0	0	0	0	0	0	0	0	0	1	0	1	0	1	0	0	0	1	0	0	0	0	1	0
EPEC_assemblies_GCA_037081965.1_ASM3708196v1_genomic	0	0	0	0	0	0	0	0	0	0	0	0	0	0	1	1	0	1	0	0	0	0	0	0	0	0	1	0	0
EPEC_assemblies_GCA_037126255.1_ASM3712625v1_genomic	0	0	0	0	0	0	0	0	0	0	0	0	0	0	1	0	0	1	0	0	0	1	0	0	0	0	0	0	0
EPEC_assemblies_GCA_037525705.1_ASM3752570v1_genomic	0	0	0	0	0	0	0	0	0	0	0	1	1	0	1	0	0	0	0	0	1	0	0	0	0	0	0	0	0
EPEC_assemblies_GCA_037526635.1_ASM3752663v1_genomic	0	0	1	0	0	0	0	0	0	0	0	0	0	1	1	0	0	0	0	0	0	0	0	0	0	0	0	0	0
EPEC_assemblies_GCA_037527585.1_ASM3752758v1_genomic	0	0	1	0	0	0	0	0	0	0	0	0	0	1	1	0	0	0	0	0	0	0	0	0	0	0	0	0	0
EPEC_assemblies_GCA_037528475.1_ASM3752847v1_genomic	0	0	1	0	0	0	0	0	0	0	0	0	0	1	1	0	0	0	0	0	0	0	0	0	0	0	0	0	0
EPEC_assemblies_GCA_037529465.1_ASM3752946v1_genomic	0	1	0	1	0	1	1	1	0	0	0	0	0	0	1	0	0	0	0	0	0	0	0	0	0	0	0	0	0
EPEC_assemblies_GCA_037532135.1_ASM3753213v1_genomic	0	0	0	0	0	0	0	0	0	0	0	0	0	0	1	0	0	0	0	0	0	1	0	0	0	0	0	0	0
EPEC_assemblies_GCA_037533205.1_ASM3753320v1_genomic	0	0	1	0	0	0	0	0	0	0	0	0	0	1	1	0	0	0	0	0	0	0	0	0	0	0	0	0	0
EPEC_assemblies_GCA_037534815.1_ASM3753481v1_genomic	0	0	0	0	0	0	0	0	0	0	0	0	0	0	1	0	0	0	0	0	0	1	0	0	0	0	0	0	0
EPEC_assemblies_GCA_037535945.1_ASM3753594v1_genomic	0	0	0	0	0	0	0	0	1	0	0	0	0	0	1	0	0	1	0	0	0	0	0	0	0	0	0	0	0
EPEC_assemblies_GCA_037536895.1_ASM3753689v1_genomic	0	0	1	0	0	0	0	0	0	0	0	0	0	1	1	0	0	1	0	0	0	0	0	0	0	0	0	0	0
EPEC_assemblies_GCA_037537725.1_ASM3753772v1_genomic	0	0	0	0	0	0	0	0	1	0	0	0	0	0	1	0	0	1	0	0	0	0	0	0	0	0	0	0	0
EPEC_assemblies_GCA_037538635.1_ASM3753863v1_genomic	1	0	0	0	0	0	0	0	0	0	0	0	0	0	1	0	0	1	1	0	0	0	1	0	0	0	0	1	0
EPEC_assemblies_GCA_037542475.1_ASM3754247v1_genomic	0	0	1	0	0	0	0	0	0	0	0	0	0	1	1	0	0	0	0	0	0	0	0	0	0	0	0	0	0
EPEC_assemblies_GCA_037543765.1_ASM3754376v1_genomic	0	0	1	0	0	0	0	0	0	0	0	0	0	1	1	0	0	0	0	0	0	0	0	0	0	0	0	0	0
EPEC_assemblies_GCA_037543915.1_ASM3754391v1_genomic	0	1	0	1	0	1	1	1	0	1	0	0	0	0	1	1	1	1	0	0	0	0	0	0	0	0	1	0	0
EPEC_assemblies_GCA_037546845.1_ASM3754684v1_genomic	0	0	1	0	0	0	0	0	0	0	0	0	0	1	1	0	0	0	0	0	0	0	0	0	0	0	0	0	0
EPEC_assemblies_GCA_037548315.1_ASM3754831v1_genomic	0	0	0	0	0	0	0	0	0	0	0	0	0	0	1	0	0	0	0	0	1	0	0	0	0	0	0	0	1
EPEC_assemblies_GCA_037549885.1_ASM3754988v1_genomic	1	0	0	0	0	0	0	0	0	0	0	0	0	0	1	0	1	1	1	0	0	0	1	0	0	0	1	1	0
EPEC_assemblies_GCA_037552115.1_ASM3755211v1_genomic	0	0	1	0	0	0	0	0	0	0	0	0	0	1	1	0	0	0	0	0	0	0	0	0	0	0	0	0	0
EPEC_assemblies_GCA_037553545.1_ASM3755354v1_genomic	0	0	1	0	0	0	0	0	0	0	0	0	0	1	1	0	0	0	0	0	0	0	0	0	0	0	0	0	0
EPEC_assemblies_GCA_037553955.1_ASM3755395v1_genomic	0	1	0	1	0	1	1	1	0	0	0	0	0	0	1	0	0	0	0	0	0	0	0	0	0	0	0	0	0
EPEC_assemblies_GCA_037555585.1_ASM3755558v1_genomic	1	0	0	0	0	0	0	0	0	0	0	0	0	0	1	1	0	0	1	0	0	0	1	0	0	0	0	1	0
EPEC_assemblies_GCA_037557155.1_ASM3755715v1_genomic	0	1	0	1	0	1	1	1	0	0	0	0	0	0	1	0	0	0	0	0	0	0	0	0	0	0	0	0	0
EPEC_assemblies_GCA_037558665.1_ASM3755866v1_genomic	0	0	1	0	0	0	0	0	0	0	0	0	0	1	1	0	0	1	0	0	0	0	0	0	0	0	0	0	0
EPEC_assemblies_GCA_037560265.1_ASM3756026v1_genomic	0	1	0	1	0	1	1	1	0	0	0	0	0	0	1	0	0	0	0	0	0	0	0	0	0	0	0	0	0
EPEC_assemblies_GCA_037561805.1_ASM3756180v1_genomic	1	0	0	0	0	0	0	0	0	0	0	0	0	0	1	0	0	1	1	0	0	0	1	0	0	0	0	1	0
EPEC_assemblies_GCA_037563415.1_ASM3756341v1_genomic	0	0	1	0	0	0	0	0	0	0	0	0	0	1	1	1	0	1	0	0	0	0	0	0	0	0	0	0	0
EPEC_assemblies_GCA_037565025.1_ASM3756502v1_genomic	0	0	0	0	0	0	0	0	0	0	0	0	0	0	1	0	0	0	0	0	1	0	0	0	0	0	0	0	1
EPEC_assemblies_GCA_037566655.1_ASM3756665v1_genomic	1	0	0	0	0	0	0	0	0	0	0	0	0	0	1	0	0	1	1	0	0	0	1	0	0	0	0	1	0
EPEC_assemblies_GCA_037568285.1_ASM3756828v1_genomic	0	0	1	0	0	0	0	0	0	1	0	0	0	1	1	1	0	1	0	0	0	0	0	0	0	0	0	0	0
EPEC_assemblies_GCA_037569855.1_ASM3756985v1_genomic	1	0	0	0	0	0	0	0	0	0	0	0	0	0	1	0	0	1	1	0	0	0	1	0	0	0	0	1	0
EPEC_assemblies_GCA_037571465.1_ASM3757146v1_genomic	1	0	0	0	0	0	0	0	0	0	0	0	0	0	1	0	0	1	1	0	0	0	1	0	0	0	0	1	0
EPEC_assemblies_GCA_037572835.1_ASM3757283v1_genomic	0	0	1	0	0	0	0	0	0	0	0	0	0	1	1	0	0	0	0	0	0	0	0	0	0	0	0	0	0
EPEC_assemblies_GCA_037573545.1_ASM3757354v1_genomic	0	0	1	0	0	0	0	0	0	0	0	0	0	1	1	1	0	1	0	0	0	0	0	0	0	0	0	0	0
EPEC_assemblies_GCA_037574055.1_ASM3757405v1_genomic	0	0	1	0	0	0	0	0	0	0	0	0	0	1	1	0	0	1	0	0	0	0	0	0	0	0	0	0	0
EPEC_assemblies_GCA_037575085.1_ASM3757508v1_genomic	0	0	1	0	0	0	0	0	0	0	0	0	0	1	1	0	0	1	0	0	0	0	0	0	0	0	0	0	0
EPEC_assemblies_GCA_037575275.1_ASM3757527v1_genomic	0	0	1	0	0	0	0	0	0	0	0	0	0	1	1	1	0	1	0	0	0	0	0	0	0	0	0	0	0
EPEC_assemblies_GCA_037575825.1_ASM3757582v1_genomic	1	0	0	0	0	0	0	0	0	0	0	0	0	0	1	0	0	1	1	0	0	0	1	0	0	0	0	1	0
EPEC_assemblies_GCA_037576255.1_ASM3757625v1_genomic	0	0	1	0	0	0	0	0	0	0	0	0	0	1	1	1	0	1	0	0	0	0	0	0	0	0	0	0	0
EPEC_assemblies_GCA_037576615.1_ASM3757661v1_genomic	0	1	0	1	0	1	1	1	0	1	0	0	0	0	1	0	0	1	0	0	0	0	0	0	0	0	0	0	0
EPEC_assemblies_GCA_037577485.1_ASM3757748v1_genomic	0	1	0	1	0	1	1	1	0	0	0	0	0	0	1	0	0	0	0	0	0	0	0	0	0	0	0	0	0
EPEC_assemblies_GCA_037577885.1_ASM3757788v1_genomic	1	0	0	0	0	0	0	0	0	0	0	0	0	0	1	0	0	0	1	0	0	0	1	0	0	0	0	1	0
EPEC_assemblies_GCA_037579575.1_ASM3757957v1_genomic	1	0	0	0	0	0	0	0	0	0	0	0	0	0	1	0	0	0	1	0	0	0	1	0	0	0	0	1	0
EPEC_assemblies_GCA_037581225.1_ASM3758122v1_genomic	0	0	0	0	0	0	0	0	1	0	0	0	0	0	1	0	0	1	0	0	0	0	0	0	0	0	0	0	0
EPEC_assemblies_GCA_037582995.1_ASM3758299v1_genomic	0	0	0	0	0	0	0	0	0	0	0	0	0	0	1	0	0	0	0	0	1	0	0	0	0	0	0	0	1
EPEC_assemblies_GCA_037584545.1_ASM3758454v1_genomic	1	0	0	0	0	0	0	0	0	0	0	0	0	0	1	1	0	0	1	0	0	0	1	0	0	0	0	1	0
EPEC_assemblies_GCA_037622475.1_ASM3762247v1_genomic	1	0	0	0	0	0	0	0	0	0	0	0	0	0	1	0	0	1	1	0	0	0	1	0	0	0	0	1	0
EPEC_assemblies_GCA_037623895.1_ASM3762389v1_genomic	0	0	0	0	0	0	0	0	0	0	0	0	0	0	1	0	0	0	0	1	0	0	0	0	0	0	0	0	0
EPEC_assemblies_GCA_037738255.1_ASM3773825v1_genomic	0	0	0	0	0	0	0	0	1	0	0	0	0	0	1	0	0	0	0	0	0	0	0	0	0	0	0	0	0
EPEC_assemblies_GCA_037920625.1_ASM3792062v1_genomic	0	1	0	1	0	1	1	1	0	0	0	0	0	0	1	0	0	0	0	0	0	0	0	0	0	0	0	0	0
EPEC_assemblies_GCA_039909185.1_ASM3990918v1_genomic	0	0	1	0	0	0	0	0	0	0	0	0	0	1	1	0	0	0	0	0	0	0	0	0	0	0	0	0	0
EPEC_assemblies_GCA_039909355.1_ASM3990935v1_genomic	0	0	1	0	0	0	0	0	0	0	0	0	0	1	1	0	0	0	0	0	0	0	0	0	0	0	0	0	0
EPEC_assemblies_GCA_039909435.1_ASM3990943v1_genomic	0	0	1	0	0	0	0	0	0	0	0	0	0	1	1	0	0	0	0	0	0	0	0	0	0	0	0	0	0
EPEC_assemblies_GCA_039909525.1_ASM3990952v1_genomic	0	0	1	0	0	0	0	0	0	0	0	0	0	1	1	0	0	0	0	0	0	0	0	0	0	0	0	0	0
EPEC_assemblies_GCA_039909545.1_ASM3990954v1_genomic	1	0	0	0	0	0	0	0	0	1	0	0	0	0	1	1	1	1	1	0	0	0	1	0	0	0	1	1	0
EPEC_assemblies_GCA_039910675.1_ASM3991067v1_genomic	1	0	0	0	0	0	0	0	0	1	0	0	0	0	1	1	1	1	1	0	0	0	1	0	0	0	1	1	0
EPEC_assemblies_GCA_039911655.1_ASM3991165v1_genomic	1	0	0	0	0	0	0	0	0	1	0	0	0	0	1	1	1	1	1	0	0	0	1	0	0	0	1	1	0
EPEC_assemblies_GCA_039914745.1_ASM3991474v1_genomic	1	0	0	0	0	0	0	0	0	1	0	0	0	0	1	1	1	0	1	0	0	0	1	0	0	0	1	1	0
EPEC_assemblies_GCA_040271735.2_ASM4027173v2_genomic	0	0	1	0	0	0	0	0	0	1	0	0	0	1	1	0	0	1	0	0	0	0	0	0	0	0	0	0	0
EPEC_assemblies_GCA_041950575.1_ASM4195057v1_genomic	0	1	0	1	0	1	1	1	0	1	0	0	0	0	1	0	0	1	0	0	0	0	0	0	0	0	1	0	0
EPEC_assemblies_GCA_041950585.1_ASM4195058v1_genomic	0	1	0	1	0	1	1	1	0	1	0	0	0	0	1	0	0	1	0	0	0	0	0	0	0	0	1	0	0
EPEC_assemblies_GCA_045344485.1_ASM4534448v1_genomic	1	0	0	0	0	0	0	0	0	0	0	0	0	0	1	0	1	1	1	0	0	0	1	0	0	0	0	1	0
EPEC_assemblies_GCA_045344495.1_ASM4534449v1_genomic	0	0	1	0	0	0	0	0	0	0	0	0	0	1	1	0	0	0	0	0	0	0	0	0	0	0	0	0	0
EPEC_assemblies_GCA_045344505.1_ASM4534450v1_genomic	0	1	0	1	0	1	1	1	0	0	0	0	0	0	1	0	0	0	0	0	0	0	0	0	0	0	0	0	0
EPEC_assemblies_GCA_045344515.1_ASM4534451v1_genomic	0	0	1	0	0	0	0	0	0	0	0	0	0	1	1	0	0	0	0	0	0	0	0	0	0	0	0	0	0
EPEC_assemblies_GCA_045344525.1_ASM4534452v1_genomic	1	0	0	0	0	0	0	0	0	0	0	0	0	0	1	0	0	1	1	0	0	0	1	0	0	0	0	1	0
EPEC_assemblies_GCA_045344535.1_ASM4534453v1_genomic	0	0	0	0	0	0	0	0	0	0	0	1	1	0	1	0	0	1	0	0	1	0	0	0	0	0	0	0	1
EPEC_assemblies_GCA_045344545.1_ASM4534454v1_genomic	0	0	1	0	0	0	0	0	0	0	0	0	0	1	1	0	0	0	0	0	0	0	0	0	0	0	0	0	0
EPEC_assemblies_GCA_045344555.1_ASM4534455v1_genomic	0	0	1	0	0	0	0	0	0	0	0	0	0	1	1	0	0	0	0	0	0	0	0	0	0	0	0	0	0
EPEC_assemblies_GCA_045344565.1_ASM4534456v1_genomic	0	0	1	0	0	0	0	0	0	0	0	0	0	1	1	0	0	0	0	0	0	0	0	0	0	0	0	0	0
EPEC_assemblies_GCA_045344575.1_ASM4534457v1_genomic	0	0	0	0	0	0	0	0	1	0	0	0	0	0	1	0	0	1	0	0	0	0	0	0	0	0	0	0	0
EPEC_assemblies_GCA_045344585.1_ASM4534458v1_genomic	0	0	1	0	0	0	0	0	0	0	0	0	0	1	1	1	0	0	0	0	0	0	0	0	0	0	0	0	0
EPEC_assemblies_GCA_045344595.1_ASM4534459v1_genomic	0	0	1	0	0	0	0	0	0	0	0	0	0	1	1	1	0	0	0	0	0	0	0	0	0	0	0	0	0
EPEC_assemblies_GCA_045344605.1_ASM4534460v1_genomic	0	0	1	0	0	0	0	0	0	0	0	0	0	1	1	1	0	1	0	0	0	0	0	0	0	0	0	0	0
EPEC_assemblies_GCA_045344615.1_ASM4534461v1_genomic	0	0	0	0	0	0	0	0	0	0	0	1	1	0	1	0	0	0	0	0	1	0	0	0	0	0	0	0	1
EPEC_assemblies_GCA_045344725.1_ASM4534472v1_genomic	0	0	0	0	0	0	0	0	1	0	0	0	0	0	1	0	0	0	0	0	0	0	0	0	0	0	0	0	0
EPEC_assemblies_GCA_045344735.1_ASM4534473v1_genomic	0	0	1	0	0	0	0	0	0	0	0	0	0	1	1	0	0	0	0	0	0	0	0	0	0	0	0	0	0
EPEC_assemblies_GCA_045344805.1_ASM4534480v1_genomic	0	0	0	0	0	0	0	0	0	0	0	0	0	0	1	1	0	1	0	0	1	0	0	0	0	0	1	0	1
EPEC_assemblies_GCA_045344835.1_ASM4534483v1_genomic	0	1	0	1	0	1	1	1	0	1	0	0	0	0	1	1	1	1	0	0	0	0	0	0	0	0	1	0	0
EPEC_assemblies_GCA_045344925.1_ASM4534492v1_genomic	0	0	0	0	0	0	0	0	0	0	0	1	1	0	1	0	0	1	0	0	1	0	0	0	0	0	0	0	1
EPEC_assemblies_GCA_045344995.1_ASM4534499v1_genomic	0	0	1	0	0	0	0	0	0	0	0	0	0	1	1	0	0	0	0	0	0	0	0	0	0	0	0	0	0
EPEC_assemblies_GCA_045345065.1_ASM4534506v1_genomic	0	1	0	1	0	1	1	1	0	0	0	0	0	0	1	0	0	0	0	0	0	0	0	0	0	0	1	0	0
EPEC_assemblies_GCA_045517155.1_ASM4551715v1_genomic	1	0	0	0	0	0	0	0	0	0	0	0	0	0	1	0	0	1	1	0	0	0	1	0	0	0	0	1	0
EPEC_assemblies_GCA_046107155.1_ASM4610715v1_genomic	0	0	0	0	0	0	0	0	0	0	0	0	0	0	1	1	0	0	0	0	0	1	0	0	0	0	0	0	0
EPEC_assemblies_GCA_048568915.1_ASM4856891v1_genomic	0	0	1	0	0	0	0	0	0	1	0	0	0	1	1	1	0	0	0	0	0	0	0	0	0	0	1	0	0
EPEC_assemblies_GCA_048568935.1_ASM4856893v1_genomic	0	0	1	0	0	0	0	0	0	1	0	0	0	1	1	1	0	0	0	0	0	0	0	0	0	0	1	0	0
EPEC_assemblies_GCA_048568975.1_ASM4856897v1_genomic	0	0	1	0	0	0	0	0	0	1	0	0	0	1	1	1	1	1	0	0	0	0	0	0	0	0	1	0	0
EPEC_assemblies_GCA_048569035.1_ASM4856903v1_genomic	0	0	1	0	0	0	0	0	0	0	0	0	0	1	1	0	0	0	0	0	0	0	0	0	0	0	0	0	0
EPEC_assemblies_GCA_048571285.1_ASM4857128v1_genomic	0	0	1	0	0	0	0	0	0	1	0	0	0	1	1	1	0	0	0	0	0	0	0	0	0	0	1	0	0
EPEC_assemblies_GCA_048571675.1_ASM4857167v1_genomic	0	0	1	0	0	0	0	0	0	1	0	0	0	1	1	1	0	0	0	0	0	0	0	0	0	0	1	0	0
EPEC_assemblies_GCA_049570205.1_ASM4957020v1_genomic	0	0	1	0	0	0	0	0	0	1	0	0	0	1	1	1	0	0	0	0	0	0	0	0	0	0	0	0	0
EPEC_assemblies_GCA_049570235.1_ASM4957023v1_genomic	0	0	1	0	0	0	0	0	0	0	0	0	0	1	1	0	0	1	0	0	0	0	0	0	0	0	0	0	0
EPEC_assemblies_GCA_049570245.1_ASM4957024v1_genomic	0	1	0	1	0	1	1	1	0	1	0	0	0	0	1	1	1	1	0	0	0	0	0	0	0	0	1	0	0
EPEC_assemblies_GCA_050245465.1_ASM5024546v1_genomic	0	0	0	0	0	0	0	0	1	0	0	0	0	0	1	1	0	1	0	0	0	0	0	0	0	0	1	0	0
EPEC_assemblies_GCA_050920475.1_ASM5092047v1_genomic	1	0	0	0	0	0	0	0	0	1	0	0	0	0	1	0	1	1	1	0	0	0	1	0	0	0	0	1	0
EPEC_assemblies_GCA_050920485.1_ASM5092048v1_genomic	1	0	0	0	0	0	0	0	0	1	0	0	0	0	1	0	1	1	1	0	0	0	1	0	0	0	0	1	0
EPEC_assemblies_GCA_051012475.1_ASM5101247v1_genomic	0	0	1	0	0	0	0	0	0	0	0	0	0	1	1	0	0	0	0	0	0	0	0	0	0	0	0	0	0
EPEC_assemblies_GCA_051012485.1_ASM5101248v1_genomic	0	0	1	0	0	0	0	0	0	0	0	0	0	1	1	0	0	0	0	0	0	0	0	0	0	0	0	0	0
EPEC_assemblies_GCA_051106255.1_ASM5110625v1_genomic	0	0	1	0	0	0	0	0	0	0	0	0	0	1	1	0	0	1	0	0	0	0	0	0	0	0	0	0	0
EPEC_assemblies_GCA_051122675.1_ASM5112267v1_genomic	0	0	1	0	0	0	0	0	0	0	0	0	0	1	1	0	0	1	0	0	0	0	0	0	0	0	0	0	0
EPEC_assemblies_GCA_051122685.1_ASM5112268v1_genomic	0	0	1	0	0	0	0	0	0	0	0	0	0	1	1	1	0	0	0	0	0	0	0	0	0	0	0	0	0
EPEC_assemblies_GCA_051604815.1_ASM5160481v1_genomic	1	0	0	0	0	0	0	0	0	0	0	0	0	0	1	1	0	0	1	0	0	0	1	0	0	0	0	1	0
EPEC_assemblies_GCA_051991435.1_E602687_genomic	0	0	1	0	0	0	0	0	0	0	0	0	0	1	1	0	0	1	0	0	0	0	0	0	0	0	0	0	0
EPEC_assemblies_GCA_052767385.1_ASM5276738v1_genomic	0	0	0	0	0	0	0	0	0	0	0	0	0	0	1	1	0	1	0	0	1	0	0	0	0	0	1	0	1
EPEC_assemblies_GCA_900149875.1_EPEC1_genomic	0	0	0	0	0	0	0	0	0	0	0	1	1	0	1	0	0	0	0	0	1	0	0	0	0	0	0	0	0
EPEC_assemblies_GCA_900149915.1_EPEC-E2348_69-V2_genomic	0	0	0	0	0	0	0	0	0	0	0	1	1	0	1	0	0	0	0	0	1	0	0	0	0	0	0	0	0
EPEC_assemblies_GCA_900196535.2_ASM90019653v2_genomic	0	0	1	0	0	0	0	0	0	0	0	0	0	1	1	0	0	1	0	0	0	0	0	0	0	0	0	0	0
EPEC_assemblies_GCA_902810315.1_SC434_genomic	0	0	1	0	0	0	0	0	0	0	0	0	0	1	1	0	0	0	0	0	0	0	0	0	0	0	0	0	0
EPEC_assemblies_GCA_902810345.1_SC455_genomic	0	0	1	0	0	0	0	0	0	0	0	0	0	1	1	0	0	0	0	0	0	0	0	0	0	0	0	0	0
EPEC_assemblies_GCA_902810395.1_SC477_genomic	0	0	1	0	0	0	0	0	0	0	0	0	0	1	1	0	0	0	0	0	0	0	0	0	0	0	0	0	0
EPEC_assemblies_GCA_964049705.1_30134_6_372_genomic	0	0	1	0	0	0	0	0	0	0	0	0	0	1	1	0	0	0	0	0	0	0	0	0	0	0	0	0	0
EPEC_assemblies_GCA_964053125.1_30224_1_39_genomic	0	0	1	0	0	0	0	0	0	0	0	0	0	1	1	0	0	0	0	0	0	0	0	0	0	0	0	0	0
EPEC_assemblies_GCF_000025165.1_ASM2516v1_genomic	0	1	0	1	0	1	1	1	0	0	0	0	0	0	1	0	0	0	0	0	0	0	0	0	0	0	0	0	0
EPEC_assemblies_GCF_000026545.1_ASM2654v1_genomic	0	0	0	0	0	0	0	0	0	0	0	1	1	0	1	0	0	0	0	0	1	0	0	0	0	0	0	0	0
EPEC_assemblies_GCF_000167875.2_ASM16787v2_genomic	0	0	0	0	0	0	0	0	0	0	0	0	0	0	1	1	0	1	0	0	1	0	0	0	0	0	1	0	1
EPEC_assemblies_GCF_000245515.1_ASM24551v1_genomic	0	1	0	1	0	1	1	1	0	0	0	0	0	0	1	0	0	0	0	0	0	0	0	0	0	0	0	0	0
EPEC_assemblies_GCF_000618005.3_ASM61800v3_genomic	1	0	0	0	0	0	0	0	0	0	0	0	0	0	1	0	0	1	1	0	0	0	1	0	0	0	0	1	0
EPEC_assemblies_GCF_000618905.3_ASM61890v3_genomic	0	0	0	0	0	0	0	0	1	0	0	0	0	0	1	1	0	1	0	0	0	0	0	0	0	0	1	0	0
EPEC_assemblies_GCF_001900515.1_ASM190051v1_genomic	0	0	1	0	0	0	0	0	0	0	0	0	0	1	1	0	0	0	0	0	0	0	0	0	0	0	0	0	0
EPEC_assemblies_GCF_001900595.1_ASM190059v1_genomic	0	0	0	0	0	0	0	0	0	0	0	0	0	0	1	1	0	0	0	0	0	1	0	0	0	0	0	0	0
EPEC_assemblies_GCF_001901405.1_ASM190140v1_genomic	1	0	0	0	0	0	0	0	0	0	0	0	0	0	1	1	0	0	1	0	0	0	1	0	0	0	0	1	0
EPEC_assemblies_GCF_001901425.1_ASM190142v1_genomic	0	0	1	0	0	0	0	0	0	0	0	0	0	1	1	0	0	0	0	0	0	0	0	0	0	0	0	0	0
EPEC_assemblies_GCF_001936315.1_ASM193631v1_genomic	0	0	1	0	0	0	0	0	0	0	0	0	0	1	1	1	0	0	0	0	0	0	0	0	0	0	0	0	0
EPEC_assemblies_GCF_002057355.1_ASM205735v1_genomic	0	1	0	1	0	1	1	1	0	0	0	0	0	0	1	0	0	0	0	0	0	0	0	0	0	0	0	0	0
EPEC_assemblies_GCF_002853655.1_ASM285365v1_genomic	1	0	0	0	0	0	0	0	0	0	0	0	0	0	1	1	0	0	1	0	0	0	1	0	0	0	0	1	0
EPEC_assemblies_GCF_002853965.1_ASM285396v1_genomic	1	0	0	0	0	0	0	0	0	0	0	0	0	0	1	1	0	0	1	0	0	0	1	0	0	0	0	1	0
EPEC_assemblies_GCF_002855325.1_ASM285532v1_genomic	0	0	1	0	0	0	0	0	0	0	0	0	0	1	1	0	0	0	0	0	0	0	0	0	0	0	1	0	0
EPEC_assemblies_GCF_002855415.1_ASM285541v1_genomic	0	0	0	0	1	0	0	0	0	0	0	0	0	0	1	0	0	1	0	0	0	0	0	0	0	0	0	0	0
EPEC_assemblies_GCF_002879975.1_ASM287997v1_genomic	0	0	0	0	0	0	0	0	0	0	0	0	0	0	1	1	0	1	0	0	0	1	0	0	0	0	0	0	0
EPEC_assemblies_GCF_002951855.1_ASM295185v1_genomic	0	0	1	0	0	0	0	0	0	0	0	0	0	1	1	0	0	0	0	0	0	0	0	0	0	0	0	0	0
EPEC_assemblies_GCF_002952695.1_ASM295269v1_genomic	0	1	0	1	0	1	1	1	0	0	0	0	0	0	1	1	0	1	0	0	0	0	0	0	0	0	0	0	0
EPEC_assemblies_GCF_003018475.1_ASM301847v1_genomic	0	0	0	0	0	0	0	0	1	0	0	0	0	0	1	0	0	0	0	0	0	0	0	0	0	0	0	0	0
EPEC_assemblies_GCF_003043915.1_ASM304391v1_genomic	0	0	0	0	0	0	0	0	1	0	0	0	0	0	1	0	0	0	0	0	0	0	0	0	0	0	0	0	0
EPEC_assemblies_GCF_003044015.1_ASM304401v1_genomic	0	0	0	0	0	0	0	0	0	0	0	1	1	0	1	0	0	0	0	0	1	0	0	0	0	0	0	0	0
EPEC_assemblies_GCF_003325975.1_ASM332597v1_genomic	0	0	1	0	0	0	0	0	0	0	0	0	0	1	1	0	0	0	0	0	0	0	0	0	0	0	0	0	0
EPEC_assemblies_GCF_003352425.1_ASM335242v1_genomic	0	0	1	0	0	0	0	0	0	0	0	0	0	1	1	0	0	0	0	0	0	0	0	0	0	0	0	0	0
EPEC_assemblies_GCF_004118915.1_ASM411891v1_genomic	0	1	0	1	0	1	1	1	0	1	0	0	0	0	1	1	1	1	0	0	0	0	0	0	0	0	1	0	0
EPEC_assemblies_GCF_004804185.1_ASM480418v1_genomic	0	0	0	0	0	0	0	0	0	0	0	1	1	0	1	0	0	0	0	0	1	0	0	0	0	0	0	0	0
EPEC_assemblies_GCF_004804205.1_ASM480420v1_genomic	0	0	0	0	0	0	0	0	0	0	0	1	1	0	1	0	0	0	0	0	1	0	0	0	0	0	0	0	0
EPEC_assemblies_GCF_005221845.1_ASM522184v1_genomic	0	1	0	1	0	1	1	1	0	1	0	0	0	0	1	1	1	1	0	0	0	0	0	0	0	0	1	0	0
EPEC_assemblies_GCF_007922655.1_ASM792265v1_genomic	0	1	0	1	0	1	1	1	0	1	0	0	0	0	1	1	1	1	0	0	0	0	0	0	0	0	1	0	0
EPEC_assemblies_GCF_008124005.1_ASM812400v1_genomic	0	0	1	0	0	0	0	0	0	0	0	0	0	1	1	0	0	0	0	0	0	0	0	0	0	0	0	0	0
EPEC_assemblies_GCF_008370755.1_ASM837075v1_genomic	0	0	1	0	0	0	0	0	0	0	0	0	0	1	1	0	0	0	0	0	0	0	0	0	0	0	0	0	0
EPEC_assemblies_GCF_008926105.1_ASM892610v1_genomic	0	1	0	1	0	1	1	1	0	1	0	0	0	0	1	0	0	1	0	0	0	0	0	0	0	0	1	0	0
EPEC_assemblies_GCF_009432215.1_ASM943221v1_genomic	0	1	0	1	0	1	1	1	0	1	0	0	0	0	1	1	1	1	0	0	0	0	0	0	0	0	1	0	0
EPEC_assemblies_GCF_009432415.1_ASM943241v1_genomic	0	1	0	1	0	1	1	1	0	1	0	0	0	0	1	1	1	1	0	0	0	0	0	0	0	0	1	0	0
EPEC_assemblies_GCF_009432635.1_ASM943263v1_genomic	0	1	0	1	0	1	1	1	0	1	0	0	0	0	1	1	1	1	0	0	0	0	0	0	0	0	1	0	0
EPEC_assemblies_GCF_009432795.1_ASM943279v1_genomic	0	1	0	1	0	1	1	1	0	1	0	0	0	0	1	1	1	1	0	0	0	0	0	0	0	0	1	0	0
EPEC_assemblies_GCF_009432915.1_ASM943291v1_genomic	0	1	0	1	0	1	1	1	0	1	0	0	0	0	1	1	1	1	0	0	0	0	0	0	0	0	1	0	0
EPEC_assemblies_GCF_009433135.1_ASM943313v1_genomic	0	1	0	1	0	1	1	1	0	1	0	0	0	0	1	1	1	1	0	0	0	0	0	0	0	0	1	0	0
EPEC_assemblies_GCF_009627495.1_ASM962749v1_genomic	0	1	0	1	0	1	1	1	0	1	0	0	0	0	1	0	0	1	0	0	0	0	0	0	0	0	1	0	0
EPEC_assemblies_GCF_009720605.1_ASM972060v1_genomic	1	0	0	0	0	0	0	0	0	0	0	0	0	0	1	0	0	0	1	0	0	0	1	0	0	0	0	1	0
EPEC_assemblies_GCF_011996085.1_ASM1199608v1_genomic	0	0	1	0	0	0	0	0	0	0	0	0	0	1	1	0	0	0	0	0	0	0	0	0	0	0	1	0	0
EPEC_assemblies_GCF_013167255.1_ASM1316725v1_genomic	0	1	0	1	0	1	1	1	0	0	0	0	0	0	1	0	0	0	0	0	0	0	0	0	0	0	0	0	0
EPEC_assemblies_GCF_013167495.1_ASM1316749v1_genomic	0	1	0	1	0	1	1	1	0	1	0	0	0	0	1	1	1	1	0	0	0	0	0	0	0	0	0	0	0
EPEC_assemblies_GCF_013167935.1_ASM1316793v1_genomic	0	1	0	1	0	1	1	1	0	0	0	0	0	0	1	1	1	0	0	0	0	0	0	0	0	0	0	0	0
EPEC_assemblies_GCF_013167975.1_ASM1316797v1_genomic	0	1	0	1	0	1	1	1	0	0	0	0	0	0	1	0	0	0	0	0	0	0	0	0	0	0	0	0	0
EPEC_assemblies_GCF_013167995.1_ASM1316799v1_genomic	0	1	0	1	0	1	1	1	0	0	0	0	0	0	1	0	0	0	0	0	0	0	0	0	0	0	0	0	0
EPEC_assemblies_GCF_013168015.1_ASM1316801v1_genomic	0	1	0	1	0	1	1	1	0	0	0	0	0	0	1	0	0	0	0	0	0	0	0	0	0	0	0	0	0
EPEC_assemblies_GCF_014117345.2_ASM1411734v2_genomic	0	0	0	0	0	0	0	0	0	0	0	1	1	0	1	0	0	0	0	0	1	0	0	0	0	0	0	0	0
EPEC_assemblies_GCF_015571755.1_ASM1557175v1_genomic	0	1	0	1	0	1	1	1	0	0	0	0	0	0	1	0	1	0	0	0	0	0	0	0	0	0	0	0	0
EPEC_assemblies_GCF_016026195.1_ASM1602619v1_genomic	0	1	0	1	0	1	1	1	0	0	0	0	0	0	1	0	0	0	0	0	0	0	0	0	0	0	0	0	0
EPEC_assemblies_GCF_016127695.1_ASM1612769v1_genomic	0	0	1	0	0	0	0	0	0	0	0	0	0	1	1	0	0	1	0	0	0	0	0	0	0	0	0	0	0
EPEC_assemblies_GCF_016803935.1_ASM1680393v1_genomic	0	0	1	0	0	0	0	0	0	0	0	0	0	1	1	0	0	0	0	0	0	0	0	0	0	0	0	0	0
EPEC_assemblies_GCF_017348835.2_ASM1734883v2_genomic	0	0	1	0	0	0	0	0	0	1	0	0	0	1	1	0	0	1	0	0	0	0	0	0	0	0	0	0	0
EPEC_assemblies_GCF_019428705.1_ASM1942870v1_genomic	0	0	1	0	0	0	0	0	0	0	0	0	0	1	1	1	0	1	0	0	0	0	0	0	0	0	0	0	0
EPEC_assemblies_GCF_021378315.1_ASM2137831v1_genomic	0	0	0	0	0	0	0	0	0	0	0	1	1	0	1	0	0	1	0	0	1	0	0	0	0	0	0	0	0
EPEC_assemblies_GCF_021390295.2_ASM2139029v2_genomic	0	0	1	0	0	0	0	0	0	1	0	0	0	1	1	0	0	1	0	0	0	0	0	0	0	0	0	0	0
EPEC_assemblies_GCF_021484785.1_ASM2148478v1_genomic	1	0	0	0	0	0	0	0	0	0	0	0	0	0	1	0	0	1	1	0	0	0	1	0	0	0	0	1	0
EPEC_assemblies_GCF_022493415.1_ASM2249341v1_genomic	1	0	0	0	0	0	0	0	0	0	0	0	0	0	1	0	0	0	1	0	0	0	1	0	0	0	0	1	0
EPEC_assemblies_GCF_022493875.1_ASM2249387v1_genomic	1	0	0	0	0	0	0	0	0	0	0	0	0	0	1	0	0	0	1	0	0	0	1	0	0	0	0	1	0
EPEC_assemblies_GCF_023612455.1_ASM2361245v1_genomic	0	0	1	0	0	0	0	0	0	0	0	0	0	1	1	0	0	0	0	0	0	0	0	0	0	0	0	0	0
EPEC_assemblies_GCF_025369675.1_ASM2536967v1_genomic	1	0	0	0	0	0	0	0	0	0	0	0	0	0	1	0	0	1	1	0	0	0	1	0	0	0	0	1	0
EPEC_assemblies_GCF_025677665.1_ASM2567766v1_genomic	0	0	1	0	0	0	0	0	0	0	0	0	0	1	1	0	0	1	0	0	0	0	0	0	0	0	0	0	0
EPEC_assemblies_GCF_030007975.1_ASM3000797v1_genomic	0	1	0	1	0	1	1	1	0	1	0	0	0	0	1	1	1	1	0	0	0	0	0	0	0	0	1	0	0
EPEC_assemblies_GCF_031357085.1_ASM3135708v1_genomic	0	0	1	0	0	0	0	0	0	0	0	0	0	1	1	0	0	1	0	0	0	0	0	0	0	0	0	0	0
EPEC_assemblies_GCF_032379415.1_ASM3237941v1_genomic	0	1	0	1	0	1	1	1	0	0	0	0	0	0	1	0	0	0	0	0	0	0	0	0	0	0	0	0	0
EPEC_assemblies_GCF_036287645.1_ASM3628764v1_genomic	1	0	0	0	0	0	0	0	0	0	0	0	0	0	1	0	0	1	1	0	0	0	1	0	0	0	0	1	0
EPEC_assemblies_GCF_036702845.1_ASM3670284v1_genomic	0	0	0	0	0	0	0	0	0	0	0	0	0	0	1	0	0	0	0	1	0	0	0	0	0	0	0	0	0
EPEC_assemblies_GCF_036884445.1_ASM3688444v1_genomic	1	0	0	0	0	0	0	0	0	0	0	0	0	0	1	0	1	0	1	0	0	0	1	0	0	0	0	1	0
EPEC_assemblies_GCF_037081965.1_ASM3708196v1_genomic	0	0	0	0	0	0	0	0	0	0	0	0	0	0	1	1	0	1	0	0	0	0	0	0	0	0	1	0	0
EPEC_assemblies_GCF_037126255.1_ASM3712625v1_genomic	0	0	0	0	0	0	0	0	0	0	0	0	0	0	1	0	0	1	0	0	0	1	0	0	0	0	0	0	0
EPEC_assemblies_GCF_037525705.1_ASM3752570v1_genomic	0	0	0	0	0	0	0	0	0	0	0	1	1	0	1	0	0	0	0	0	1	0	0	0	0	0	0	0	0
EPEC_assemblies_GCF_037526635.1_ASM3752663v1_genomic	0	0	1	0	0	0	0	0	0	0	0	0	0	1	1	0	0	0	0	0	0	0	0	0	0	0	0	0	0
EPEC_assemblies_GCF_037527585.1_ASM3752758v1_genomic	0	0	1	0	0	0	0	0	0	0	0	0	0	1	1	0	0	0	0	0	0	0	0	0	0	0	0	0	0
EPEC_assemblies_GCF_037528475.1_ASM3752847v1_genomic	0	0	1	0	0	0	0	0	0	0	0	0	0	1	1	0	0	0	0	0	0	0	0	0	0	0	0	0	0
EPEC_assemblies_GCF_037529465.1_ASM3752946v1_genomic	0	1	0	1	0	1	1	1	0	0	0	0	0	0	1	0	0	0	0	0	0	0	0	0	0	0	0	0	0
EPEC_assemblies_GCF_037542475.1_ASM3754247v1_genomic	0	0	1	0	0	0	0	0	0	0	0	0	0	1	1	0	0	0	0	0	0	0	0	0	0	0	0	0	0
EPEC_assemblies_GCF_037543765.1_ASM3754376v1_genomic	0	0	1	0	0	0	0	0	0	0	0	0	0	1	1	0	0	0	0	0	0	0	0	0	0	0	0	0	0
EPEC_assemblies_GCF_037543915.1_ASM3754391v1_genomic	0	1	0	1	0	1	1	1	0	1	0	0	0	0	1	1	1	1	0	0	0	0	0	0	0	0	1	0	0
EPEC_assemblies_GCF_037546845.1_ASM3754684v1_genomic	0	0	1	0	0	0	0	0	0	0	0	0	0	1	1	0	0	0	0	0	0	0	0	0	0	0	0	0	0
EPEC_assemblies_GCF_037549885.1_ASM3754988v1_genomic	1	0	0	0	0	0	0	0	0	0	0	0	0	0	1	0	1	1	1	0	0	0	1	0	0	0	1	1	0
EPEC_assemblies_GCF_037553545.1_ASM3755354v1_genomic	0	0	1	0	0	0	0	0	0	0	0	0	0	1	1	0	0	0	0	0	0	0	0	0	0	0	0	0	0
EPEC_assemblies_GCF_037553955.1_ASM3755395v1_genomic	0	1	0	1	0	1	1	1	0	0	0	0	0	0	1	0	0	0	0	0	0	0	0	0	0	0	0	0	0
EPEC_assemblies_GCF_037555585.1_ASM3755558v1_genomic	1	0	0	0	0	0	0	0	0	0	0	0	0	0	1	1	0	0	1	0	0	0	1	0	0	0	0	1	0
EPEC_assemblies_GCF_037557155.1_ASM3755715v1_genomic	0	1	0	1	0	1	1	1	0	0	0	0	0	0	1	0	0	0	0	0	0	0	0	0	0	0	0	0	0
EPEC_assemblies_GCF_037558665.1_ASM3755866v1_genomic	0	0	1	0	0	0	0	0	0	0	0	0	0	1	1	0	0	1	0	0	0	0	0	0	0	0	0	0	0
EPEC_assemblies_GCF_037560265.1_ASM3756026v1_genomic	0	1	0	1	0	1	1	1	0	0	0	0	0	0	1	0	0	0	0	0	0	0	0	0	0	0	0	0	0
EPEC_assemblies_GCF_037561805.1_ASM3756180v1_genomic	1	0	0	0	0	0	0	0	0	0	0	0	0	0	1	0	0	1	1	0	0	0	1	0	0	0	0	1	0
EPEC_assemblies_GCF_037563415.1_ASM3756341v1_genomic	0	0	1	0	0	0	0	0	0	0	0	0	0	1	1	1	0	1	0	0	0	0	0	0	0	0	0	0	0
EPEC_assemblies_GCF_037565025.1_ASM3756502v1_genomic	0	0	0	0	0	0	0	0	0	0	0	0	0	0	1	0	0	0	0	0	1	0	0	0	0	0	0	0	1
EPEC_assemblies_GCF_037566655.1_ASM3756665v1_genomic	1	0	0	0	0	0	0	0	0	0	0	0	0	0	1	0	0	1	1	0	0	0	1	0	0	0	0	1	0
EPEC_assemblies_GCF_037568285.1_ASM3756828v1_genomic	0	0	1	0	0	0	0	0	0	1	0	0	0	1	1	1	0	1	0	0	0	0	0	0	0	0	0	0	0
EPEC_assemblies_GCF_037569855.1_ASM3756985v1_genomic	1	0	0	0	0	0	0	0	0	0	0	0	0	0	1	0	0	1	1	0	0	0	1	0	0	0	0	1	0
EPEC_assemblies_GCF_037571465.1_ASM3757146v1_genomic	1	0	0	0	0	0	0	0	0	0	0	0	0	0	1	0	0	1	1	0	0	0	1	0	0	0	0	1	0
EPEC_assemblies_GCF_037572835.1_ASM3757283v1_genomic	0	0	1	0	0	0	0	0	0	0	0	0	0	1	1	0	0	0	0	0	0	0	0	0	0	0	0	0	0
EPEC_assemblies_GCF_037573545.1_ASM3757354v1_genomic	0	0	1	0	0	0	0	0	0	0	0	0	0	1	1	1	0	1	0	0	0	0	0	0	0	0	0	0	0
EPEC_assemblies_GCF_037574055.1_ASM3757405v1_genomic	0	0	1	0	0	0	0	0	0	0	0	0	0	1	1	0	0	1	0	0	0	0	0	0	0	0	0	0	0
EPEC_assemblies_GCF_037575085.1_ASM3757508v1_genomic	0	0	1	0	0	0	0	0	0	0	0	0	0	1	1	0	0	1	0	0	0	0	0	0	0	0	0	0	0
EPEC_assemblies_GCF_037575275.1_ASM3757527v1_genomic	0	0	1	0	0	0	0	0	0	0	0	0	0	1	1	1	0	1	0	0	0	0	0	0	0	0	0	0	0
EPEC_assemblies_GCF_037575825.1_ASM3757582v1_genomic	1	0	0	0	0	0	0	0	0	0	0	0	0	0	1	0	0	1	1	0	0	0	1	0	0	0	0	1	0
EPEC_assemblies_GCF_037576255.1_ASM3757625v1_genomic	0	0	1	0	0	0	0	0	0	0	0	0	0	1	1	1	0	1	0	0	0	0	0	0	0	0	0	0	0
EPEC_assemblies_GCF_037584545.1_ASM3758454v1_genomic	1	0	0	0	0	0	0	0	0	0	0	0	0	0	1	1	0	0	1	0	0	0	1	0	0	0	0	1	0
EPEC_assemblies_GCF_037622475.1_ASM3762247v1_genomic	1	0	0	0	0	0	0	0	0	0	0	0	0	0	1	0	0	1	1	0	0	0	1	0	0	0	0	1	0
EPEC_assemblies_GCF_037623895.1_ASM3762389v1_genomic	0	0	0	0	0	0	0	0	0	0	0	0	0	0	1	0	0	0	0	1	0	0	0	0	0	0	0	0	0
EPEC_assemblies_GCF_037920625.1_ASM3792062v1_genomic	0	1	0	1	0	1	1	1	0	0	0	0	0	0	1	0	0	0	0	0	0	0	0	0	0	0	0	0	0
EPEC_assemblies_GCF_039909185.1_ASM3990918v1_genomic	0	0	1	0	0	0	0	0	0	0	0	0	0	1	1	0	0	0	0	0	0	0	0	0	0	0	0	0	0
EPEC_assemblies_GCF_039909355.1_ASM3990935v1_genomic	0	0	1	0	0	0	0	0	0	0	0	0	0	1	1	0	0	0	0	0	0	0	0	0	0	0	0	0	0
EPEC_assemblies_GCF_039909435.1_ASM3990943v1_genomic	0	0	1	0	0	0	0	0	0	0	0	0	0	1	1	0	0	0	0	0	0	0	0	0	0	0	0	0	0
EPEC_assemblies_GCF_039909525.1_ASM3990952v1_genomic	0	0	1	0	0	0	0	0	0	0	0	0	0	1	1	0	0	0	0	0	0	0	0	0	0	0	0	0	0
EPEC_assemblies_GCF_039911655.1_ASM3991165v1_genomic	1	0	0	0	0	0	0	0	0	1	0	0	0	0	1	1	1	1	1	0	0	0	1	0	0	0	1	1	0
EPEC_assemblies_GCF_039914745.1_ASM3991474v1_genomic	1	0	0	0	0	0	0	0	0	1	0	0	0	0	1	1	1	0	1	0	0	0	1	0	0	0	1	1	0
EPEC_assemblies_GCF_040271735.2_ASM4027173v2_genomic	0	0	1	0	0	0	0	0	0	1	0	0	0	1	1	0	0	1	0	0	0	0	0	0	0	0	0	0	0
EPEC_assemblies_GCF_041950575.1_ASM4195057v1_genomic	0	1	0	1	0	1	1	1	0	1	0	0	0	0	1	0	0	1	0	0	0	0	0	0	0	0	1	0	0
EPEC_assemblies_GCF_041950585.1_ASM4195058v1_genomic	0	1	0	1	0	1	1	1	0	1	0	0	0	0	1	0	0	1	0	0	0	0	0	0	0	0	1	0	0
EPEC_assemblies_GCF_045344485.1_ASM4534448v1_genomic	1	0	0	0	0	0	0	0	0	0	0	0	0	0	1	0	1	1	1	0	0	0	1	0	0	0	0	1	0
EPEC_assemblies_GCF_045344495.1_ASM4534449v1_genomic	0	0	1	0	0	0	0	0	0	0	0	0	0	1	1	0	0	0	0	0	0	0	0	0	0	0	0	0	0
EPEC_assemblies_GCF_045344505.1_ASM4534450v1_genomic	0	1	0	1	0	1	1	1	0	0	0	0	0	0	1	0	0	0	0	0	0	0	0	0	0	0	0	0	0
EPEC_assemblies_GCF_045344585.1_ASM4534458v1_genomic	0	0	1	0	0	0	0	0	0	0	0	0	0	1	1	1	0	0	0	0	0	0	0	0	0	0	0	0	0
EPEC_assemblies_GCF_045344595.1_ASM4534459v1_genomic	0	0	1	0	0	0	0	0	0	0	0	0	0	1	1	1	0	0	0	0	0	0	0	0	0	0	0	0	0
EPEC_assemblies_GCF_045344605.1_ASM4534460v1_genomic	0	0	1	0	0	0	0	0	0	0	0	0	0	1	1	1	0	1	0	0	0	0	0	0	0	0	0	0	0
EPEC_assemblies_GCF_045344615.1_ASM4534461v1_genomic	0	0	0	0	0	0	0	0	0	0	0	1	1	0	1	0	0	0	0	0	1	0	0	0	0	0	0	0	1
EPEC_assemblies_GCF_045344725.1_ASM4534472v1_genomic	0	0	0	0	0	0	0	0	1	0	0	0	0	0	1	0	0	0	0	0	0	0	0	0	0	0	0	0	0
EPEC_assemblies_GCF_045344805.1_ASM4534480v1_genomic	0	0	0	0	0	0	0	0	0	0	0	0	0	0	1	1	0	1	0	0	1	0	0	0	0	0	1	0	1
EPEC_assemblies_GCF_045344835.1_ASM4534483v1_genomic	0	1	0	1	0	1	1	1	0	1	0	0	0	0	1	1	1	1	0	0	0	0	0	0	0	0	1	0	0
EPEC_assemblies_GCF_045344925.1_ASM4534492v1_genomic	0	0	0	0	0	0	0	0	0	0	0	1	1	0	1	0	0	1	0	0	1	0	0	0	0	0	0	0	1
EPEC_assemblies_GCF_045344995.1_ASM4534499v1_genomic	0	0	1	0	0	0	0	0	0	0	0	0	0	1	1	0	0	0	0	0	0	0	0	0	0	0	0	0	0
EPEC_assemblies_GCF_045345065.1_ASM4534506v1_genomic	0	1	0	1	0	1	1	1	0	0	0	0	0	0	1	0	0	0	0	0	0	0	0	0	0	0	1	0	0
EPEC_assemblies_GCF_045517155.1_ASM4551715v1_genomic	1	0	0	0	0	0	0	0	0	0	0	0	0	0	1	0	0	1	1	0	0	0	1	0	0	0	0	1	0
EPEC_assemblies_GCF_046107155.1_ASM4610715v1_genomic	0	0	0	0	0	0	0	0	0	0	0	0	0	0	1	1	0	0	0	0	0	1	0	0	0	0	0	0	0
EPEC_assemblies_GCF_048568915.1_ASM4856891v1_genomic	0	0	1	0	0	0	0	0	0	1	0	0	0	1	1	1	0	0	0	0	0	0	0	0	0	0	1	0	0
EPEC_assemblies_GCF_048568935.1_ASM4856893v1_genomic	0	0	1	0	0	0	0	0	0	1	0	0	0	1	1	1	0	0	0	0	0	0	0	0	0	0	1	0	0
EPEC_assemblies_GCF_048568975.1_ASM4856897v1_genomic	0	0	1	0	0	0	0	0	0	1	0	0	0	1	1	1	1	1	0	0	0	0	0	0	0	0	1	0	0
EPEC_assemblies_GCF_048569035.1_ASM4856903v1_genomic	0	0	1	0	0	0	0	0	0	0	0	0	0	1	1	0	0	0	0	0	0	0	0	0	0	0	0	0	0
EPEC_assemblies_GCF_048571285.1_ASM4857128v1_genomic	0	0	1	0	0	0	0	0	0	1	0	0	0	1	1	1	0	0	0	0	0	0	0	0	0	0	1	0	0
EPEC_assemblies_GCF_048571675.1_ASM4857167v1_genomic	0	0	1	0	0	0	0	0	0	1	0	0	0	1	1	1	0	0	0	0	0	0	0	0	0	0	1	0	0
EPEC_assemblies_GCF_049570205.1_ASM4957020v1_genomic	0	0	1	0	0	0	0	0	0	1	0	0	0	1	1	1	0	0	0	0	0	0	0	0	0	0	0	0	0
EPEC_assemblies_GCF_049570235.1_ASM4957023v1_genomic	0	0	1	0	0	0	0	0	0	0	0	0	0	1	1	0	0	1	0	0	0	0	0	0	0	0	0	0	0
EPEC_assemblies_GCF_049570245.1_ASM4957024v1_genomic	0	1	0	1	0	1	1	1	0	1	0	0	0	0	1	1	1	1	0	0	0	0	0	0	0	0	1	0	0
EPEC_assemblies_GCF_051012475.1_ASM5101247v1_genomic	0	0	1	0	0	0	0	0	0	0	0	0	0	1	1	0	0	0	0	0	0	0	0	0	0	0	0	0	0
EPEC_assemblies_GCF_051012485.1_ASM5101248v1_genomic	0	0	1	0	0	0	0	0	0	0	0	0	0	1	1	0	0	0	0	0	0	0	0	0	0	0	0	0	0
EPEC_assemblies_GCF_051106255.1_ASM5110625v1_genomic	0	0	1	0	0	0	0	0	0	0	0	0	0	1	1	0	0	1	0	0	0	0	0	0	0	0	0	0	0
EPEC_assemblies_GCF_051122675.1_ASM5112267v1_genomic	0	0	1	0	0	0	0	0	0	0	0	0	0	1	1	0	0	1	0	0	0	0	0	0	0	0	0	0	0
EPEC_assemblies_GCF_051122685.1_ASM5112268v1_genomic	0	0	1	0	0	0	0	0	0	0	0	0	0	1	1	1	0	0	0	0	0	0	0	0	0	0	0	0	0
EPEC_assemblies_GCF_051604815.1_ASM5160481v1_genomic	1	0	0	0	0	0	0	0	0	0	0	0	0	0	1	1	0	0	1	0	0	0	1	0	0	0	0	1	0
EPEC_assemblies_GCF_051991435.1_E602687_genomic	0	0	1	0	0	0	0	0	0	0	0	0	0	1	1	0	0	1	0	0	0	0	0	0	0	0	0	0	0
EPEC_assemblies_GCF_900149875.1_EPEC1_genomic	0	0	0	0	0	0	0	0	0	0	0	1	1	0	1	0	0	0	0	0	1	0	0	0	0	0	0	0	0
EPEC_assemblies_GCF_900149915.1_EPEC-E2348_69-V2_genomic	0	0	0	0	0	0	0	0	0	0	0	1	1	0	1	0	0	0	0	0	1	0	0	0	0	0	0	0	0
EPEC_assemblies_GCF_900196535.2_ASM90019653v2_genomic	0	0	1	0	0	0	0	0	0	0	0	0	0	1	1	0	0	1	0	0	0	0	0	0	0	0	0	0	0
EPEC_assemblies_GCF_902810315.1_SC434_genomic	0	0	1	0	0	0	0	0	0	0	0	0	0	1	1	0	0	0	0	0	0	0	0	0	0	0	0	0	0
EPEC_assemblies_GCF_902810345.1_SC455_genomic	0	0	1	0	0	0	0	0	0	0	0	0	0	1	1	0	0	0	0	0	0	0	0	0	0	0	0	0	0
EPEC_assemblies_GCF_902810395.1_SC477_genomic	0	0	1	0	0	0	0	0	0	0	0	0	0	1	1	0	0	0	0	0	0	0	0	0	0	0	0	0	0
